{"cameraMode":{"drawMode":0,"name":"Shaded","section":"Shading Mode"},"sceneLighting":true,"audioPlay":false,"sceneViewState":{"m_AlwaysRefresh":false,"showFog":true,"showSkybox":true,"showFlares":true,"showImageEffects":true,"showParticleSystems":true,"showVisualEffectGraphs":true,"m_FxEnabled":true},"in2DMode":false,"pivot":{"x":2.7726240158081056,"y":0.9729999303817749,"z":-1.321000099182129},"rotation":{"x":0.03252461552619934,"y":-0.49697360396385195,"z":0.018648838624358178,"w":0.8669738173484802},"size":1.7383137941360474,"orthographic":true}